Model,Dependent,F_statistic,P_value
Model_1_TB,ln_TB,0.8079705254653101,0.6871247991136257
Model_2_EX,ln_EX,35.698395050720364,1.1102230246251565e-16
Model_3_IM,ln_IM,33.747243359471334,1.1102230246251565e-16
