Model,Dependent,F_statistic,P_value
Model_1_TB,ln_TB,1.0177413263774475,0.4476873492879889
Model_2_EX,ln_EX,34.4137637894513,0.0
Model_3_IM,ln_IM,31.92026470603236,0.0
