,ECM(-1),Wald_statistic,Wald_p_value
0,0.33300110301890395,7.75316450691064,0.006656044659557551
