,ECM(-1),Wald_statistic,Wald_p_value
0,0.22329569235266256,7.8648081925805995,0.00607844324450263
