,ECM(-1),Wald_statistic,Wald_p_value
0,0.3365996660582651,7.647335691467018,0.007005056362585869
