,ECM(-1),Wald_statistic,Wald_p_value
0,0.22166286422307735,8.043541481509996,0.00553812899654334
