Model,Dependent,SR_const,SR_ln_EX.L1,SR_ln_EX.L2,SR_ln_EX.L3,SR_ln_EX.L4,SR_ln_EX.L5,SR_ln_EX.L6,SR_ln_RER_pos.L0,SR_ln_RER_neg.L0,SR_ln_FDI.L0,SR_IPI_VN.L0,SR_ln_M2_diff.L0,SR_ln_WTI.L0,SR_ln_RER_pos_L1.L0,SR_ln_RER_pos_L2.L0,SR_ln_RER_pos_L3.L0,SR_ln_RER_neg_L1.L0,SR_ln_FDI_L1.L0,SR_ln_FDI_L2.L0,SR_ln_FDI_L3.L0,SR_ln_FDI_L4.L0,SR_ln_FDI_L5.L0,SR_ln_FDI_L6.L0,SR_IPI_VN_L1.L0,SR_IPI_VN_L2.L0,SR_IPI_VN_L3.L0,SR_IPI_VN_L4.L0,SR_IPI_VN_L5.L0,SR_IPI_VN_L6.L0,SR_ln_M2_diff_L1.L0,SR_ln_M2_diff_L2.L0,SR_ln_M2_diff_L3.L0,SR_ln_M2_diff_L4.L0,SR_ln_M2_diff_L5.L0,SR_ln_WTI_L1.L0,SR_ln_WTI_L2.L0,LR_ln_RER_pos,LR_ln_RER_neg,LR_ln_FDI,LR_IPI_VN,LR_ln_M2_diff,LR_ln_WTI,ECM(-1),Wald_stat,Wald_pval,SR_ln_IM.L1,SR_ln_IM.L2,SR_ln_IM.L3,SR_ln_WTI_L3.L0
Model_2_EX,ln_EX,2.7375668105827016,0.3365996660582651,0.268898243244471,0.2024747638891719,0.0148054719129809,0.1714827136703123,-0.1850158889974142,-2.6977900510653825,3.0841838323217843,0.153524993822435,0.0070201299422538,-10.823339378668948,0.168369330489478,-1.1752383226527954,-4.897027205766399,4.180072735454587,-4.545936362063532,0.3068764763337933,-0.5013574229850244,0.3783518097688052,-0.2302187253688306,-0.1396381075742057,0.1815498290456862,-0.0035191496695739,-0.0018690717866192,-0.0023809837985847,0.0004695849430737,-0.002649638931955,0.0047065111414004,-35.85319955262453,-18.58007461829789,40.20867681549316,71.80813573318449,-38.30637833053845,0.0858168958434237,-0.1795290892515537,13.636326196578782,4.342703446083395,-0.4429263248789202,-0.0052804028619783,-25.11535667146053,-0.2217980129202652,0.3365996660582651,7.647335691467018,0.0070050563625858,,,,
Model_3_IM,ln_IM,1.5877590028308362,,,,,,,-0.3430220986707013,3.120018862316627,0.0995748162178458,0.0039936669212828,-6.8806568338968646,0.1103319810751712,-1.2012917385746853,-4.524069542932203,2.419860481545129,-3.540629856999061,0.3563064799238233,-0.285276933267383,,,,,-0.0021227710582413,-0.0017731474485611,,,,,-37.3594861154927,-9.523341256305685,47.893636216555024,67.62391689437777,,0.0885909352666631,-0.0363568820159816,16.45978414751808,1.897525759024476,-0.769656944893544,-0.0004409778553705,-278.5945635128553,-0.1468897709243238,0.2216628642230773,8.043541481509996,0.0055381289965433,0.2216628642230773,0.4233794253810146,0.2474777082040482,-0.1300060269776954
