Model,Dep,RMSE,MAE,MAPE
ARDL/NARDL,ln_EX,0.45536,0.39652,2.25739
Random Forest,ln_EX,0.18153,0.14878,0.84747
Gradient Boost,ln_EX,0.19412,0.15683,0.89319
SVR,ln_EX,0.29899,0.25142,1.43062
ARDL/NARDL,ln_IM,0.38035,0.32001,1.83106
Random Forest,ln_IM,0.17944,0.15206,0.87272
Gradient Boost,ln_IM,0.18486,0.16094,0.92454
SVR,ln_IM,0.29839,0.25695,1.47153
