Model,Dep,RMSE,MAE,MAPE
ARDL/NARDL,ln_EX,0.50584,0.45551,2.58466
Random Forest,ln_EX,0.23545,0.21662,1.22976
Gradient Boost,ln_EX,0.24456,0.22381,1.27038
SVR,ln_EX,0.27484,0.24328,1.38002
ARDL/NARDL,ln_IM,0.49202,0.44167,2.51935
Random Forest,ln_IM,0.20267,0.18633,1.06366
Gradient Boost,ln_IM,0.19507,0.17485,0.99794
SVR,ln_IM,0.20244,0.18372,1.04849
